BWA,Baseline,a,inc,2019,253,195,317
BWA,Baseline,pos,inc,2019,123,95,155
BWA,COVID,a,inc,2019,253,195,317
BWA,COVID,pos,inc,2019,123,95,155
BWA,Baseline,a,mort,2019,78,61,96
BWA,Baseline,pos,mort,2019,49,36,65
BWA,COVID,a,mort,2019,78,61,96
BWA,COVID,pos,mort,2019,49,36,65
BWA,Baseline,a,inc,2020,241.6833,168.3856,311.3735
BWA,Baseline,pos,inc,2020,115.0135,84.9172,150.4875
BWA,COVID,a,inc,2020,236.9935,164.3878,306.6753
BWA,COVID,pos,inc,2020,112.7671,83.591,148.1906
BWA,Baseline,a,mort,2020,74.8015,53.178,92.1377
BWA,Baseline,pos,mort,2020,46.1673,33.4736,63.0228
BWA,COVID,a,mort,2020,76.8551,54.7538,94.0418
BWA,COVID,pos,mort,2020,47.5033,34.1674,63.1723
BWA,Baseline,a,inc,2021,238.0559,147.2727,306.269
BWA,Baseline,pos,inc,2021,109.9282,73.8016,146.3521
BWA,COVID,a,inc,2021,239.8816,147.2477,305.3002
BWA,COVID,pos,inc,2021,111.3364,73.9261,147.4943
BWA,Baseline,a,mort,2021,71.602,47.5237,89.4696
BWA,Baseline,pos,mort,2021,44.3962,27.7854,61.6662
BWA,COVID,a,mort,2021,76.9784,51.9526,96.0183
BWA,COVID,pos,mort,2021,47.2566,30.0639,64.792
BWA,Baseline,a,inc,2022,234.9082,130.6743,301.62
BWA,Baseline,pos,inc,2022,105.3451,63.8294,141.814
BWA,COVID,a,inc,2022,243.2646,135.4088,307.2366
BWA,COVID,pos,inc,2022,108.52,65.6466,147.0274
BWA,Baseline,a,mort,2022,69.2758,40.9817,88.0475
BWA,Baseline,pos,mort,2022,41.4354,23.6206,60.2206
BWA,COVID,a,mort,2022,73.9665,45.5331,94.6073
BWA,COVID,pos,mort,2022,45.3123,26.6745,65.8754
BWA,Baseline,a,inc,2023,231.9276,117.7002,297.3687
BWA,Baseline,pos,inc,2023,101.4213,55.449,138.8199
BWA,COVID,a,inc,2023,243.6559,123.9378,304.7678
BWA,COVID,pos,inc,2023,105.8192,57.6959,144.8225
BWA,Baseline,a,mort,2023,67.6662,35.8811,86.5768
BWA,Baseline,pos,mort,2023,40.5119,21.0324,58.8563
BWA,COVID,a,mort,2023,71.6074,39.5766,92.7976
BWA,COVID,pos,mort,2023,42.9574,23.1943,64.5204
NAM,Baseline,a,inc,2019,486,348,647
NAM,Baseline,pos,inc,2019,158,113,210
NAM,COVID,a,inc,2019,486,348,647
NAM,COVID,pos,inc,2019,158,113,210
NAM,Baseline,a,mort,2019,107,80,137
NAM,Baseline,pos,mort,2019,50,35,69
NAM,COVID,a,mort,2019,107,80,137
NAM,COVID,pos,mort,2019,50,35,69
NAM,Baseline,a,inc,2020,464.2611,300.5036,635.5163
NAM,Baseline,pos,inc,2020,147.741,101.0067,203.8864
NAM,COVID,a,inc,2020,455.2523,293.369,625.9272
NAM,COVID,pos,inc,2020,144.8553,99.4293,200.7743
NAM,Baseline,a,mort,2020,102.6122,69.7417,131.4882
NAM,Baseline,pos,mort,2020,47.1095,32.5438,66.9011
NAM,COVID,a,mort,2020,105.4295,71.8082,134.2055
NAM,COVID,pos,mort,2020,48.4727,33.2183,67.0598
NAM,Baseline,a,inc,2021,457.2931,262.8252,625.0979
NAM,Baseline,pos,inc,2021,141.2086,87.785,198.2834
NAM,COVID,a,inc,2021,460.8002,262.7804,623.1206
NAM,COVID,pos,inc,2021,143.0175,87.9331,199.831
NAM,Baseline,a,mort,2021,98.2232,62.3261,127.6805
NAM,Baseline,pos,mort,2021,45.3023,27.0135,65.461
NAM,COVID,a,mort,2021,105.5986,68.1346,137.026
NAM,COVID,pos,mort,2021,48.221,29.2288,68.7792
NAM,Baseline,a,inc,2022,451.2465,233.2033,615.6093
NAM,Baseline,pos,inc,2022,135.3214,75.9234,192.1351
NAM,COVID,a,inc,2022,467.2988,241.6526,627.0729
NAM,COVID,pos,inc,2022,139.3997,78.0849,199.1984
NAM,Baseline,a,mort,2022,95.0322,53.7464,125.6511
NAM,Baseline,pos,mort,2022,42.2811,22.9644,63.9265
NAM,COVID,a,mort,2022,101.4669,59.7155,135.0125
NAM,COVID,pos,mort,2022,46.237,25.9336,69.9293
NAM,Baseline,a,inc,2023,445.521,210.0495,606.9324
NAM,Baseline,pos,inc,2023,130.281,65.9551,188.0786
NAM,COVID,a,inc,2023,468.0504,221.1814,622.0339
NAM,COVID,pos,inc,2023,135.9304,68.6277,196.2111
NAM,Baseline,a,mort,2023,92.8241,47.0572,123.5523
NAM,Baseline,pos,mort,2023,41.3387,20.4482,62.4782
NAM,COVID,a,mort,2023,98.2307,51.9037,132.4299
NAM,COVID,pos,mort,2023,43.8341,22.55,68.4909
SWZ,Baseline,a,inc,2019,363,228,527
SWZ,Baseline,pos,inc,2019,218,129,329
SWZ,COVID,a,inc,2019,363,228,527
SWZ,COVID,pos,inc,2019,218,129,329
SWZ,Baseline,a,mort,2019,84,55,118
SWZ,Baseline,pos,mort,2019,61,36,93
SWZ,COVID,a,mort,2019,84,55,118
SWZ,COVID,pos,mort,2019,61,36,93
SWZ,Baseline,a,inc,2020,346.763,196.8817,517.6462
SWZ,Baseline,pos,inc,2020,203.8451,115.3086,319.422
SWZ,COVID,a,inc,2020,340.0341,192.2073,509.8356
SWZ,COVID,pos,inc,2020,199.8637,113.5078,314.5465
SWZ,Baseline,a,mort,2020,80.5554,47.9474,113.2526
SWZ,Baseline,pos,mort,2020,57.4736,33.4736,90.1711
SWZ,COVID,a,mort,2020,82.7671,49.3681,115.5931
SWZ,COVID,pos,mort,2020,59.1367,34.1674,90.385
SWZ,Baseline,a,inc,2021,341.5584,172.1958,509.1601
SWZ,Baseline,pos,inc,2021,194.8321,100.2148,310.644
SWZ,COVID,a,inc,2021,344.1779,172.1665,507.5495
SWZ,COVID,pos,inc,2021,197.3279,100.3838,313.0686
SWZ,Baseline,a,mort,2021,77.1098,42.8492,109.973
SWZ,Baseline,pos,mort,2021,55.2688,27.7854,88.23
SWZ,COVID,a,mort,2021,82.8998,46.8425,118.0224
SWZ,COVID,pos,mort,2021,58.8296,30.0639,92.7025
SWZ,Baseline,a,inc,2022,337.0422,152.7884,501.4314
SWZ,Baseline,pos,inc,2022,186.7093,86.6736,301.0116
SWZ,COVID,a,inc,2022,349.0318,158.3241,510.7688
SWZ,COVID,pos,inc,2022,192.3363,89.1412,312.0774
SWZ,Baseline,a,mort,2022,74.6047,36.9507,108.225
SWZ,Baseline,pos,mort,2022,51.5829,23.6206,86.1618
SWZ,COVID,a,mort,2022,79.6563,41.0544,116.2882
SWZ,COVID,pos,mort,2022,56.4092,26.6745,94.2525
SWZ,Baseline,a,inc,2023,332.7657,137.6187,494.3638
SWZ,Baseline,pos,inc,2023,179.7548,75.2939,294.6564
SWZ,COVID,a,inc,2023,349.5932,144.9119,506.6644
SWZ,COVID,pos,inc,2023,187.5495,78.3449,307.3974
SWZ,Baseline,a,mort,2023,72.8713,32.3518,106.4173
SWZ,Baseline,pos,mort,2023,50.4332,21.0324,84.2097
SWZ,COVID,a,mort,2023,77.1157,35.6838,114.0637
SWZ,COVID,pos,mort,2023,53.4776,23.1943,92.3139
SYC,Baseline,a,inc,2019,16,14,19
SYC,Baseline,pos,inc,2019,2.4,0.25,6.8
SYC,COVID,a,inc,2019,16,14,19
SYC,COVID,pos,inc,2019,2.4,0.25,6.8
SYC,Baseline,a,mort,2019,1.4,0.89,2.1
SYC,Baseline,pos,mort,2019,0.42,0.04,1.2
SYC,COVID,a,mort,2019,1.4,0.89,2.1
SYC,COVID,pos,mort,2019,0.42,0.04,1.2
SYC,Baseline,a,inc,2020,15.2843,12.0892,18.6628
SYC,Baseline,pos,inc,2020,2.2442,0.22347,6.602
SYC,COVID,a,inc,2020,14.9877,11.8022,18.3812
SYC,COVID,pos,inc,2020,2.2003,0.21998,6.5013
SYC,Baseline,a,mort,2020,1.3426,0.77588,2.0155
SYC,Baseline,pos,mort,2020,0.39572,0.037193,1.1635
SYC,COVID,a,mort,2020,1.3795,0.79887,2.0572
SYC,COVID,pos,mort,2020,0.40717,0.037964,1.1663
SYC,Baseline,a,inc,2021,15.0549,10.5734,18.3568
SYC,Baseline,pos,inc,2021,2.1449,0.19421,6.4206
SYC,COVID,a,inc,2021,15.1704,10.5716,18.2987
SYC,COVID,pos,inc,2021,2.1724,0.19454,6.4707
SYC,Baseline,a,mort,2021,1.2852,0.69338,1.9571
SYC,Baseline,pos,mort,2021,0.38054,0.030873,1.1385
SYC,COVID,a,mort,2021,1.3817,0.758,2.1004
SYC,COVID,pos,mort,2021,0.40506,0.033404,1.1962
SYC,Baseline,a,inc,2022,14.8559,9.3817,18.0782
SYC,Baseline,pos,inc,2022,2.0555,0.16797,6.2215
SYC,COVID,a,inc,2022,15.3843,9.7217,18.4148
SYC,COVID,pos,inc,2022,2.1175,0.17275,6.4502
SYC,Baseline,a,mort,2022,1.2434,0.59793,1.926
SYC,Baseline,pos,mort,2022,0.35516,0.026245,1.1118
SYC,COVID,a,mort,2022,1.3276,0.66434,2.0695
SYC,COVID,pos,mort,2022,0.38839,0.029638,1.2162
SYC,Baseline,a,inc,2023,14.6674,8.4503,17.8234
SYC,Baseline,pos,inc,2023,1.979,0.14592,6.0902
SYC,COVID,a,inc,2023,15.4091,8.8981,18.2668
SYC,COVID,pos,inc,2023,2.0648,0.15183,6.3535
SYC,Baseline,a,mort,2023,1.2145,0.52351,1.8939
SYC,Baseline,pos,mort,2023,0.34725,0.023369,1.0866
SYC,COVID,a,mort,2023,1.2853,0.57743,2.0299
SYC,COVID,pos,mort,2023,0.36821,0.025771,1.1911
ABW,Baseline,a,inc,2019,2.2,1.9,2.5
ABW,COVID,a,inc,2019,2.2,1.9,2.5
ABW,Baseline,a,mort,2019,0.18,0.11,0.26
ABW,COVID,a,mort,2019,0.18,0.11,0.26
ABW,Baseline,a,inc,2020,2.1819,1.8729,2.4821
ABW,COVID,a,inc,2020,2.1612,1.8513,2.431
ABW,Baseline,a,mort,2020,0.17932,0.10828,0.25645
ABW,COVID,a,mort,2020,0.19559,0.11836,0.27974
ABW,Baseline,a,inc,2021,2.1685,1.8497,2.4765
ABW,COVID,a,inc,2021,2.2003,1.8765,2.5276
ABW,Baseline,a,mort,2021,0.17749,0.10689,0.25352
ABW,COVID,a,mort,2021,0.20078,0.12178,0.28624
ABW,Baseline,a,inc,2022,2.1456,1.8288,2.4716
ABW,COVID,a,inc,2022,2.2172,1.8667,2.5707
ABW,Baseline,a,mort,2022,0.17578,0.10573,0.25275
ABW,COVID,a,mort,2022,0.18724,0.11188,0.26842
ABW,Baseline,a,inc,2023,2.1235,1.8097,2.4672
ABW,COVID,a,inc,2023,2.1784,1.8389,2.551
ABW,Baseline,a,mort,2023,0.17459,0.10472,0.25203
ABW,COVID,a,mort,2023,0.18264,0.10897,0.26336
ARG,Baseline,a,inc,2019,29,25,34
ARG,COVID,a,inc,2019,29,25,34
ARG,Baseline,a,mort,2019,1.8,1.6,2
ARG,COVID,a,mort,2019,1.8,1.6,2
ARG,Baseline,a,inc,2020,28.7616,24.6438,33.7561
ARG,COVID,a,inc,2020,28.4887,24.3586,33.0621
ARG,Baseline,a,mort,2020,1.7932,1.575,1.9727
ARG,COVID,a,mort,2020,1.9559,1.7216,2.1518
ARG,Baseline,a,inc,2021,28.5843,24.3375,33.6801
ARG,COVID,a,inc,2021,29.0035,24.6912,34.3752
ARG,Baseline,a,mort,2021,1.7749,1.5548,1.9502
ARG,COVID,a,mort,2021,2.0078,1.7714,2.2018
ARG,Baseline,a,inc,2022,28.2824,24.0638,33.6135
ARG,COVID,a,inc,2022,29.2265,24.5618,34.961
ARG,Baseline,a,mort,2022,1.7578,1.5379,1.9442
ARG,COVID,a,mort,2022,1.8724,1.6274,2.0648
ARG,Baseline,a,inc,2023,27.9916,23.8116,33.5541
ARG,COVID,a,inc,2023,28.7156,24.1961,34.6934
ARG,Baseline,a,mort,2023,1.7459,1.5232,1.9387
ARG,COVID,a,mort,2023,1.8264,1.585,2.0259
BHS,Baseline,a,inc,2019,15,13,17
BHS,COVID,a,inc,2019,15,13,17
BHS,Baseline,a,mort,2019,1.3,0.93,1.8
BHS,COVID,a,mort,2019,1.3,0.93,1.8
BHS,Baseline,a,inc,2020,14.8767,12.8148,16.878
BHS,COVID,a,inc,2020,14.7355,12.6665,16.531
BHS,Baseline,a,mort,2020,1.2951,0.91549,1.7754
BHS,COVID,a,mort,2020,1.4126,1.0007,1.9367
BHS,Baseline,a,inc,2021,14.785,12.6555,16.8401
BHS,COVID,a,inc,2021,15.0018,12.8394,17.1876
BHS,Baseline,a,mort,2021,1.2819,0.90374,1.7552
BHS,COVID,a,mort,2021,1.4501,1.0296,1.9816
BHS,Baseline,a,inc,2022,14.6288,12.5132,16.8068
BHS,COVID,a,inc,2022,15.1172,12.7722,17.4805
BHS,Baseline,a,mort,2022,1.2695,0.89388,1.7498
BHS,COVID,a,mort,2022,1.3523,0.94591,1.8583
BHS,Baseline,a,inc,2023,14.4784,12.382,16.777
BHS,COVID,a,inc,2023,14.8529,12.582,17.3467
BHS,Baseline,a,mort,2023,1.2609,0.88535,1.7448
BHS,COVID,a,mort,2023,1.3191,0.9213,1.8233
BLZ,Baseline,a,inc,2019,27,23,31
BLZ,COVID,a,inc,2019,27,23,31
BLZ,Baseline,a,mort,2019,2.7,2.3,3.3
BLZ,COVID,a,mort,2019,2.7,2.3,3.3
BLZ,Baseline,a,inc,2020,26.778,22.6723,30.7776
BLZ,COVID,a,inc,2020,26.5239,22.4099,30.1449
BLZ,Baseline,a,mort,2020,2.6898,2.2641,3.2549
BLZ,COVID,a,mort,2020,2.9338,2.4748,3.5505
BLZ,Baseline,a,inc,2021,26.613,22.3905,30.7083
BLZ,COVID,a,inc,2021,27.0032,22.7159,31.3421
BLZ,Baseline,a,mort,2021,2.6624,2.235,3.2178
BLZ,COVID,a,mort,2021,3.0117,2.5463,3.633
BLZ,Baseline,a,inc,2022,26.3319,22.1387,30.6476
BLZ,COVID,a,inc,2022,27.2109,22.5969,31.8762
BLZ,Baseline,a,mort,2022,2.6367,2.2107,3.208
BLZ,COVID,a,mort,2022,2.8087,2.3393,3.4069
BLZ,Baseline,a,inc,2023,26.0612,21.9067,30.5934
BLZ,COVID,a,inc,2023,26.7352,22.2604,31.6322
BLZ,Baseline,a,mort,2023,2.6188,2.1896,3.1989
BLZ,COVID,a,mort,2023,2.7396,2.2785,3.3427
BOL,Baseline,a,inc,2019,106,69,150
BOL,COVID,a,inc,2019,106,69,150
BOL,Baseline,a,mort,2019,11,8.1,15
BOL,COVID,a,mort,2019,11,8.1,15
BOL,Baseline,a,inc,2020,105.1284,68.0168,148.9239
BOL,COVID,a,inc,2020,104.131,67.2298,145.8622
BOL,Baseline,a,mort,2020,10.9584,7.9736,14.7952
BOL,COVID,a,mort,2020,11.9526,8.7156,16.1389
BOL,Baseline,a,inc,2021,104.4805,67.1716,148.5888
BOL,COVID,a,inc,2021,106.0127,68.1476,151.6553
BOL,Baseline,a,mort,2021,10.8469,7.8713,14.6263
BOL,COVID,a,mort,2021,12.2698,8.9676,16.5137
BOL,Baseline,a,inc,2022,103.377,66.416,148.2949
BOL,COVID,a,inc,2022,106.8279,67.7907,154.2397
BOL,Baseline,a,mort,2022,10.7421,7.7854,14.5818
BOL,COVID,a,mort,2022,11.4427,8.2385,15.4859
BOL,Baseline,a,inc,2023,102.3142,65.72,148.0327
BOL,COVID,a,inc,2023,104.9603,66.7811,153.059
BOL,Baseline,a,mort,2023,10.6694,7.7111,14.5403
BOL,COVID,a,mort,2023,11.1614,8.0242,15.194
CHL,Baseline,a,inc,2019,18,15,20
CHL,COVID,a,inc,2019,18,15,20
CHL,Baseline,a,mort,2019,2.2,2.1,2.4
CHL,COVID,a,mort,2019,2.2,2.1,2.4
CHL,Baseline,a,inc,2020,17.852,14.7863,19.8565
CHL,COVID,a,inc,2020,17.6826,14.6152,19.4483
CHL,Baseline,a,mort,2020,2.1917,2.0672,2.3672
CHL,COVID,a,mort,2020,2.3905,2.2596,2.5822
CHL,Baseline,a,inc,2021,17.742,14.6025,19.8118
CHL,COVID,a,inc,2021,18.0022,14.8147,20.2207
CHL,Baseline,a,mort,2021,2.1694,2.0407,2.3402
CHL,COVID,a,mort,2021,2.454,2.3249,2.6422
CHL,Baseline,a,inc,2022,17.5546,14.4383,19.7727
CHL,COVID,a,inc,2022,18.1406,14.7371,20.5653
CHL,Baseline,a,mort,2022,2.1484,2.0184,2.3331
CHL,COVID,a,mort,2022,2.2885,2.1359,2.4778
CHL,Baseline,a,inc,2023,17.3741,14.2869,19.7377
CHL,COVID,a,inc,2023,17.8235,14.5176,20.4079
CHL,Baseline,a,mort,2023,2.1339,1.9992,2.3264
CHL,COVID,a,mort,2023,2.2323,2.0804,2.431
CRI,Baseline,a,inc,2019,10,7.7,13
CRI,COVID,a,inc,2019,10,7.7,13
CRI,Baseline,a,mort,2019,0.97,0.87,1.1
CRI,COVID,a,mort,2019,0.97,0.87,1.1
CRI,Baseline,a,inc,2020,9.9178,7.5903,12.9067
CRI,COVID,a,inc,2020,9.8237,7.5025,12.6414
CRI,Baseline,a,mort,2020,0.96633,0.85642,1.085
CRI,COVID,a,mort,2020,1.054,0.93612,1.1835
CRI,Baseline,a,inc,2021,9.8567,7.496,12.8777
CRI,COVID,a,inc,2021,10.0012,7.6049,13.1435
CRI,Baseline,a,mort,2021,0.9565,0.84543,1.0726
CRI,COVID,a,mort,2021,1.082,0.96318,1.211
CRI,Baseline,a,inc,2022,9.7525,7.4116,12.8522
CRI,COVID,a,inc,2022,10.0781,7.565,13.3674
CRI,Baseline,a,mort,2022,0.94726,0.83621,1.0693
CRI,COVID,a,mort,2022,1.009,0.88488,1.1356
CRI,Baseline,a,inc,2023,9.6523,7.334,12.8295
CRI,COVID,a,inc,2023,9.9019,7.4524,13.2651
CRI,Baseline,a,mort,2023,0.94084,0.82823,1.0663
CRI,COVID,a,mort,2023,0.98423,0.86186,1.1142
CUB,Baseline,a,inc,2019,6.5,5.5,7.5
CUB,COVID,a,inc,2019,6.5,5.5,7.5
CUB,Baseline,a,mort,2019,0.47,0.42,0.52
CUB,COVID,a,mort,2019,0.47,0.42,0.52
CUB,Baseline,a,inc,2020,6.4466,5.4216,7.4462
CUB,COVID,a,inc,2020,6.3854,5.3589,7.2931
CUB,Baseline,a,mort,2020,0.46822,0.41345,0.5129
CUB,COVID,a,mort,2020,0.5107,0.45192,0.55948
CUB,Baseline,a,inc,2021,6.4068,5.3543,7.4294
CUB,COVID,a,inc,2021,6.5008,5.4321,7.5828
CUB,Baseline,a,mort,2021,0.46346,0.40814,0.50705
CUB,COVID,a,mort,2021,0.52426,0.46499,0.57248
CUB,Baseline,a,inc,2022,6.3392,5.294,7.4147
CUB,COVID,a,inc,2022,6.5508,5.4036,7.712
CUB,Baseline,a,mort,2022,0.45898,0.40369,0.5055
CUB,COVID,a,mort,2022,0.48891,0.42718,0.53685
CUB,Baseline,a,inc,2023,6.274,5.2385,7.4016
CUB,COVID,a,inc,2023,6.4362,5.3231,7.653
CUB,Baseline,a,mort,2023,0.45587,0.39984,0.50406
CUB,COVID,a,mort,2023,0.4769,0.41607,0.52672
DOM,Baseline,a,inc,2019,42,32,53
DOM,COVID,a,inc,2019,42,32,53
DOM,Baseline,a,mort,2019,4,2.4,6
DOM,COVID,a,mort,2019,4,2.4,6
DOM,Baseline,a,inc,2020,41.6547,31.544,52.6198
DOM,COVID,a,inc,2020,41.2594,31.179,51.538
DOM,Baseline,a,mort,2020,3.9849,2.3625,5.9181
DOM,COVID,a,mort,2020,4.3464,2.5824,6.4555
DOM,Baseline,a,inc,2021,41.3979,31.152,52.5014
DOM,COVID,a,inc,2021,42.005,31.6047,53.5849
DOM,Baseline,a,mort,2021,3.9443,2.3322,5.8505
DOM,COVID,a,mort,2021,4.4618,2.6571,6.6055
DOM,Baseline,a,inc,2022,40.9607,30.8016,52.3975
DOM,COVID,a,inc,2022,42.328,31.4392,54.498
DOM,Baseline,a,mort,2022,3.9062,2.3068,5.8327
DOM,COVID,a,mort,2022,4.161,2.441,6.1944
DOM,Baseline,a,inc,2023,40.5396,30.4788,52.3049
DOM,COVID,a,inc,2023,41.5881,30.971,54.0809
DOM,Baseline,a,mort,2023,3.8798,2.2848,5.8161
DOM,COVID,a,mort,2023,4.0587,2.3776,6.0776
ECU,Baseline,a,inc,2019,46,35,58
ECU,COVID,a,inc,2019,46,35,58
ECU,Baseline,a,mort,2019,4.6,3.9,5.3
ECU,COVID,a,mort,2019,4.6,3.9,5.3
ECU,Baseline,a,inc,2020,45.6218,34.5013,57.5839
ECU,COVID,a,inc,2020,45.1889,34.1021,56.4001
ECU,Baseline,a,mort,2020,4.5826,3.8391,5.2276
ECU,COVID,a,mort,2020,4.9984,4.1964,5.7024
ECU,Baseline,a,inc,2021,45.3406,34.0726,57.4543
ECU,COVID,a,inc,2021,46.0055,34.5676,58.64
ECU,Baseline,a,mort,2021,4.536,3.7899,5.168
ECU,COVID,a,mort,2021,5.131,4.3177,5.8349
ECU,Baseline,a,inc,2022,44.8617,33.6893,57.3407
ECU,COVID,a,inc,2022,46.3593,34.3866,59.6393
ECU,Baseline,a,mort,2022,4.4922,3.7485,5.1522
ECU,COVID,a,mort,2022,4.7851,3.9667,5.4717
ECU,Baseline,a,inc,2023,44.4005,33.3362,57.2393
ECU,COVID,a,inc,2023,45.5488,33.8745,59.1828
ECU,Baseline,a,mort,2023,4.4617,3.7128,5.1376
ECU,COVID,a,mort,2023,4.6675,3.8635,5.3685
GRD,Baseline,a,inc,2019,3.1,2.6,3.6
GRD,COVID,a,inc,2019,3.1,2.6,3.6
GRD,Baseline,a,mort,2019,2.1,1.8,2.4
GRD,COVID,a,mort,2019,2.1,1.8,2.4
GRD,Baseline,a,inc,2020,3.0745,2.563,3.5742
GRD,COVID,a,inc,2020,3.0453,2.5333,3.5007
GRD,Baseline,a,mort,2020,2.0921,1.7719,2.3672
GRD,COVID,a,mort,2020,2.2819,1.9368,2.5822
GRD,Baseline,a,inc,2021,3.0556,2.5311,3.5661
GRD,COVID,a,inc,2021,3.1004,2.5679,3.6397
GRD,Baseline,a,mort,2021,2.0708,1.7492,2.3402
GRD,COVID,a,mort,2021,2.3424,1.9928,2.6422
GRD,Baseline,a,inc,2022,3.0233,2.5026,3.5591
GRD,COVID,a,inc,2022,3.1242,2.5544,3.7018
GRD,Baseline,a,mort,2022,2.0508,1.7301,2.3331
GRD,COVID,a,mort,2022,2.1845,1.8308,2.4778
GRD,Baseline,a,inc,2023,2.9922,2.4764,3.5528
GRD,COVID,a,inc,2023,3.0696,2.5164,3.6734
GRD,Baseline,a,mort,2023,2.0369,1.7136,2.3264
GRD,COVID,a,mort,2023,2.1308,1.7832,2.431
GTM,Baseline,a,inc,2019,26,20,33
GTM,COVID,a,inc,2019,26,20,33
GTM,Baseline,a,mort,2019,3,2.6,3.4
GTM,COVID,a,mort,2019,3,2.6,3.4
GTM,Baseline,a,inc,2020,25.7862,19.715,32.7633
GTM,COVID,a,inc,2020,25.5416,19.4869,32.0897
GTM,Baseline,a,mort,2020,2.9886,2.5594,3.3536
GTM,COVID,a,mort,2020,3.2598,2.7976,3.6581
GTM,Baseline,a,inc,2021,25.6273,19.47,32.6895
GTM,COVID,a,inc,2021,26.0031,19.7529,33.3642
GTM,Baseline,a,mort,2021,2.9582,2.5266,3.3153
GTM,COVID,a,mort,2021,3.3463,2.8785,3.7431
GTM,Baseline,a,inc,2022,25.3566,19.251,32.6249
GTM,COVID,a,inc,2022,26.2031,19.6495,33.9327
GTM,Baseline,a,mort,2022,2.9297,2.499,3.3052
GTM,COVID,a,mort,2022,3.1207,2.6445,3.5101
GTM,Baseline,a,inc,2023,25.0959,19.0493,32.5672
GTM,COVID,a,inc,2023,25.745,19.3569,33.673
GTM,Baseline,a,mort,2023,2.9098,2.4752,3.2958
GTM,COVID,a,mort,2023,3.044,2.5757,3.444
GUY,Baseline,a,inc,2019,79,61,100
GUY,COVID,a,inc,2019,79,61,100
GUY,Baseline,a,mort,2019,16,14,18
GUY,COVID,a,mort,2019,16,14,18
GUY,Baseline,a,inc,2020,78.3504,60.1308,99.2826
GUY,COVID,a,inc,2020,77.6071,59.4351,97.2415
GUY,Baseline,a,mort,2020,15.9394,13.7815,17.7542
GUY,COVID,a,mort,2020,17.3857,15.0641,19.3666
GUY,Baseline,a,inc,2021,77.8675,59.3836,99.0592
GUY,COVID,a,inc,2021,79.0095,60.2465,101.1035
GUY,Baseline,a,mort,2021,15.7772,13.6046,17.5516
GUY,COVID,a,mort,2021,17.847,15.4995,19.8165
GUY,Baseline,a,inc,2022,77.0451,58.7156,98.8633
GUY,COVID,a,inc,2022,79.617,59.9309,102.8264
GUY,Baseline,a,mort,2022,15.6249,13.4563,17.4981
GUY,COVID,a,mort,2022,16.6439,14.2395,18.5831
GUY,Baseline,a,inc,2023,76.253,58.1003,98.6885
GUY,COVID,a,inc,2023,78.2251,59.0384,102.0394
GUY,Baseline,a,mort,2023,15.5191,13.3279,17.4484
GUY,COVID,a,mort,2023,16.2347,13.869,18.2328
HND,Baseline,a,inc,2019,31,24,39
HND,COVID,a,inc,2019,31,24,39
HND,Baseline,a,mort,2019,5,4.2,5.8
HND,COVID,a,mort,2019,5,4.2,5.8
HND,Baseline,a,inc,2020,30.7451,23.658,38.7202
HND,COVID,a,inc,2020,30.4534,23.3843,37.9242
HND,Baseline,a,mort,2020,4.9811,4.1345,5.7208
HND,COVID,a,mort,2020,5.433,4.5192,6.2404
HND,Baseline,a,inc,2021,30.5556,23.364,38.6331
HND,COVID,a,inc,2021,31.0037,23.7035,39.4304
HND,Baseline,a,mort,2021,4.9304,4.0814,5.6555
HND,COVID,a,mort,2021,5.5772,4.6499,6.3853
HND,Baseline,a,inc,2022,30.2329,23.1012,38.5567
HND,COVID,a,inc,2022,31.2421,23.5794,40.1023
HND,Baseline,a,mort,2022,4.8828,4.0369,5.6383
HND,COVID,a,mort,2022,5.2012,4.2718,5.9879
HND,Baseline,a,inc,2023,29.9221,22.8591,38.4885
HND,COVID,a,inc,2023,30.6959,23.2282,39.7953
HND,Baseline,a,mort,2023,4.8497,3.9984,5.6223
HND,COVID,a,mort,2023,5.0734,4.1607,5.875
JAM,Baseline,a,inc,2019,3.2,2.4,4
JAM,COVID,a,inc,2019,3.2,2.4,4
JAM,Baseline,a,mort,2019,0.34,0.28,0.42
JAM,COVID,a,mort,2019,0.34,0.28,0.42
JAM,Baseline,a,inc,2020,3.1737,2.3658,3.9713
JAM,COVID,a,inc,2020,3.1436,2.3384,3.8897
JAM,Baseline,a,mort,2020,0.33871,0.27563,0.41427
JAM,COVID,a,mort,2020,0.36945,0.30128,0.45189
JAM,Baseline,a,inc,2021,3.1541,2.3364,3.9624
JAM,COVID,a,inc,2021,3.2004,2.3704,4.0441
JAM,Baseline,a,mort,2021,0.33527,0.27209,0.40954
JAM,COVID,a,mort,2021,0.37925,0.30999,0.46238
JAM,Baseline,a,inc,2022,3.1208,2.3101,3.9545
JAM,COVID,a,inc,2022,3.225,2.3579,4.1131
JAM,Baseline,a,mort,2022,0.33203,0.26913,0.40829
JAM,COVID,a,mort,2022,0.35368,0.28479,0.43361
JAM,Baseline,a,inc,2023,3.0887,2.2859,3.9475
JAM,COVID,a,inc,2023,3.1686,2.3228,4.0816
JAM,Baseline,a,mort,2023,0.32978,0.26656,0.40713
JAM,COVID,a,mort,2023,0.34499,0.27738,0.42543
NIC,Baseline,a,inc,2019,43,33,54
NIC,COVID,a,inc,2019,43,33,54
NIC,Baseline,a,mort,2019,2.7,2.3,3.1
NIC,COVID,a,mort,2019,2.7,2.3,3.1
NIC,Baseline,a,inc,2020,42.6464,32.5298,53.6126
NIC,COVID,a,inc,2020,42.2418,32.1534,52.5104
NIC,Baseline,a,mort,2020,2.6898,2.2641,3.0577
NIC,COVID,a,mort,2020,2.9338,2.4748,3.3354
NIC,Baseline,a,inc,2021,42.3836,32.1256,53.492
NIC,COVID,a,inc,2021,43.0052,32.5923,54.5959
NIC,Baseline,a,mort,2021,2.6624,2.235,3.0228
NIC,COVID,a,mort,2021,3.0117,2.5463,3.4128
NIC,Baseline,a,inc,2022,41.936,31.7642,53.3862
NIC,COVID,a,inc,2022,43.3358,32.4216,55.5263
NIC,Baseline,a,mort,2022,2.6367,2.2107,3.0136
NIC,COVID,a,mort,2022,2.8087,2.3393,3.2004
NIC,Baseline,a,inc,2023,41.5048,31.4313,53.2918
NIC,COVID,a,inc,2023,42.5782,31.9388,55.1012
NIC,Baseline,a,mort,2023,2.6188,2.1896,3.005
NIC,COVID,a,mort,2023,2.7396,2.2785,3.1401
PRI,Baseline,a,inc,2019,1.4,1.2,1.6
PRI,COVID,a,inc,2019,1.4,1.2,1.6
PRI,Baseline,a,mort,2019,0.18,0.16,0.21
PRI,COVID,a,mort,2019,0.18,0.16,0.21
PRI,Baseline,a,inc,2020,1.3885,1.1829,1.5885
PRI,COVID,a,inc,2020,1.3753,1.1692,1.5559
PRI,Baseline,a,mort,2020,0.17932,0.1575,0.20713
PRI,COVID,a,mort,2020,0.19559,0.17216,0.22594
PRI,Baseline,a,inc,2021,1.3799,1.1682,1.5849
PRI,COVID,a,inc,2021,1.4002,1.1852,1.6177
PRI,Baseline,a,mort,2021,0.17749,0.15548,0.20477
PRI,COVID,a,mort,2021,0.20078,0.17714,0.23119
PRI,Baseline,a,inc,2022,1.3654,1.1551,1.5818
PRI,COVID,a,inc,2022,1.4109,1.179,1.6452
PRI,Baseline,a,mort,2022,0.17578,0.15379,0.20414
PRI,COVID,a,mort,2022,0.18724,0.16274,0.2168
PRI,Baseline,a,inc,2023,1.3513,1.143,1.579
PRI,COVID,a,inc,2023,1.3863,1.1614,1.6326
PRI,Baseline,a,mort,2023,0.17459,0.15232,0.20356
PRI,COVID,a,mort,2023,0.18264,0.1585,0.21272
PRY,Baseline,a,inc,2019,46,40,53
PRY,COVID,a,inc,2019,46,40,53
PRY,Baseline,a,mort,2019,4.2,3.7,4.7
PRY,COVID,a,mort,2019,4.2,3.7,4.7
PRY,Baseline,a,inc,2020,45.6218,39.4301,52.6198
PRY,COVID,a,inc,2020,45.1889,38.9738,51.538
PRY,Baseline,a,mort,2020,4.1841,3.6423,4.6358
PRY,COVID,a,mort,2020,4.5637,3.9812,5.0568
PRY,Baseline,a,inc,2021,45.3406,38.9401,52.5014
PRY,COVID,a,inc,2021,46.0055,39.5059,53.5849
PRY,Baseline,a,mort,2021,4.1415,3.5955,4.5829
PRY,COVID,a,mort,2021,4.6848,4.0963,5.1743
PRY,Baseline,a,inc,2022,44.8617,38.502,52.3975
PRY,COVID,a,inc,2022,46.3593,39.299,54.498
PRY,Baseline,a,mort,2022,4.1015,3.5563,4.569
PRY,COVID,a,mort,2022,4.369,3.7633,4.8523
PRY,Baseline,a,inc,2023,44.4005,38.0985,52.3049
PRY,COVID,a,inc,2023,45.5488,38.7137,54.0809
PRY,Baseline,a,mort,2023,4.0738,3.5224,4.556
PRY,COVID,a,mort,2023,4.2616,3.6654,4.7608
SUR,Baseline,a,inc,2019,29,22,36
SUR,COVID,a,inc,2019,29,22,36
SUR,Baseline,a,mort,2019,4,3.3,4.9
SUR,COVID,a,mort,2019,4,3.3,4.9
SUR,Baseline,a,inc,2020,28.7616,21.6865,35.7417
SUR,COVID,a,inc,2020,28.4887,21.4356,35.0069
SUR,Baseline,a,mort,2020,3.9849,3.2485,4.8331
SUR,COVID,a,mort,2020,4.3464,3.5508,5.272
SUR,Baseline,a,inc,2021,28.5843,21.417,35.6613
SUR,COVID,a,inc,2021,29.0035,21.7282,36.3973
SUR,Baseline,a,mort,2021,3.9443,3.2068,4.7779
SUR,COVID,a,mort,2021,4.4618,3.6535,5.3945
SUR,Baseline,a,inc,2022,28.2824,21.1761,35.5908
SUR,COVID,a,inc,2022,29.2265,21.6144,37.0175
SUR,Baseline,a,mort,2022,3.9062,3.1718,4.7634
SUR,COVID,a,mort,2022,4.161,3.3564,5.0587
SUR,Baseline,a,inc,2023,27.9916,20.9542,35.5279
SUR,COVID,a,inc,2023,28.7156,21.2925,36.7342
SUR,Baseline,a,mort,2023,3.8798,3.1416,4.7498
SUR,COVID,a,mort,2023,4.0587,3.2691,4.9634
SXM,Baseline,a,inc,2019,14,12,16
SXM,COVID,a,inc,2019,14,12,16
SXM,Baseline,a,mort,2019,1.1,0.68,1.7
SXM,COVID,a,mort,2019,1.1,0.68,1.7
SXM,Baseline,a,inc,2020,13.8849,11.829,15.8852
SXM,COVID,a,inc,2020,13.7531,11.6921,15.5586
SXM,Baseline,a,mort,2020,1.0958,0.66939,1.6768
SXM,COVID,a,mort,2020,1.1953,0.73168,1.8291
SXM,Baseline,a,inc,2021,13.7993,11.682,15.8495
SXM,COVID,a,inc,2021,14.0017,11.8518,16.1766
SXM,Baseline,a,mort,2021,1.0847,0.6608,1.6576
SXM,COVID,a,mort,2021,1.227,0.75283,1.8716
SXM,Baseline,a,inc,2022,13.6536,11.5506,15.8181
SXM,COVID,a,inc,2022,14.1093,11.7897,16.4522
SXM,Baseline,a,mort,2022,1.0742,0.65359,1.6526
SXM,COVID,a,mort,2022,1.1443,0.69163,1.7551
SXM,Baseline,a,inc,2023,13.5132,11.4296,15.7902
SXM,COVID,a,inc,2023,13.8627,11.6141,16.3263
SXM,Baseline,a,mort,2023,1.0669,0.64735,1.6479
SXM,COVID,a,mort,2023,1.1161,0.67364,1.722
URY,Baseline,a,inc,2019,35,30,41
URY,COVID,a,inc,2019,35,30,41
URY,Baseline,a,mort,2019,2.8,2.5,3.1
URY,COVID,a,mort,2019,2.8,2.5,3.1
URY,Baseline,a,inc,2020,34.7122,29.5725,40.7059
URY,COVID,a,inc,2020,34.3829,29.2304,39.869
URY,Baseline,a,mort,2020,2.7894,2.461,3.0577
URY,COVID,a,mort,2020,3.0425,2.69,3.3354
URY,Baseline,a,inc,2021,34.4983,29.205,40.6143
URY,COVID,a,inc,2021,35.0042,29.6294,41.4524
URY,Baseline,a,mort,2021,2.761,2.4294,3.0228
URY,COVID,a,mort,2021,3.1232,2.7678,3.4128
URY,Baseline,a,inc,2022,34.1339,28.8765,40.5339
URY,COVID,a,inc,2022,35.2734,29.4742,42.1588
URY,Baseline,a,mort,2022,2.7344,2.4029,3.0136
URY,COVID,a,mort,2022,2.9127,2.5428,3.2004
URY,Baseline,a,inc,2023,33.783,28.5739,40.4623
URY,COVID,a,inc,2023,34.6567,29.0353,41.8361
URY,Baseline,a,mort,2023,2.7158,2.38,3.005
URY,COVID,a,mort,2023,2.8411,2.4766,3.1401
VEN,Baseline,a,inc,2019,45,35,57
VEN,COVID,a,inc,2019,45,35,57
VEN,Baseline,a,mort,2019,3.2,2.6,3.9
VEN,COVID,a,mort,2019,3.2,2.6,3.9
VEN,Baseline,a,inc,2020,44.63,34.5013,56.5911
VEN,COVID,a,inc,2020,44.2066,34.1021,55.4276
VEN,Baseline,a,mort,2020,3.1879,2.5594,3.8468
VEN,COVID,a,mort,2020,3.4771,2.7976,4.1961
VEN,Baseline,a,inc,2021,44.3549,34.0726,56.4637
VEN,COVID,a,inc,2021,45.0054,34.5676,57.629
VEN,Baseline,a,mort,2021,3.1554,2.5266,3.8028
VEN,COVID,a,mort,2021,3.5694,2.8785,4.2936
VEN,Baseline,a,inc,2022,43.8865,33.6893,56.3521
VEN,COVID,a,inc,2022,45.3515,34.3866,58.6111
VEN,Baseline,a,mort,2022,3.125,2.499,3.7913
VEN,COVID,a,mort,2022,3.3288,2.6445,4.0263
VEN,Baseline,a,inc,2023,43.4353,33.3362,56.2524
VEN,COVID,a,inc,2023,44.5586,33.8745,58.1624
VEN,Baseline,a,mort,2023,3.1038,2.4752,3.7805
VEN,COVID,a,mort,2023,3.2469,2.5757,3.9504
ALB,Baseline,a,inc,2019,16,14,19
ALB,COVID,a,inc,2019,16,14,19
ALB,Baseline,a,mort,2019,0.35,0.2,0.54
ALB,COVID,a,mort,2019,0.35,0.2,0.54
ALB,Baseline,a,inc,2020,15.6641,13.6806,18.7036
ALB,COVID,a,inc,2020,15.5266,13.5771,18.5852
ALB,Baseline,a,mort,2020,0.34257,0.19622,0.5277
ALB,COVID,a,mort,2020,0.35836,0.20468,0.55028
ALB,Baseline,a,inc,2021,15.3397,13.4118,18.4299
ALB,COVID,a,inc,2021,15.389,13.4618,18.489
ALB,Baseline,a,mort,2021,0.33696,0.19231,0.51778
ALB,COVID,a,mort,2021,0.37186,0.21142,0.57201
ALB,Baseline,a,inc,2022,15.093,13.1772,18.1713
ALB,COVID,a,inc,2022,15.3288,13.3685,18.3475
ALB,Baseline,a,mort,2022,0.3321,0.18864,0.5103
ALB,COVID,a,mort,2022,0.36767,0.20858,0.56437
ALB,Baseline,a,inc,2023,14.8844,12.9663,17.9231
ALB,COVID,a,inc,2023,15.1406,13.1769,18.1023
ALB,Baseline,a,mort,2023,0.32748,0.18539,0.50319
ALB,COVID,a,mort,2023,0.34312,0.19356,0.52671
AND,Baseline,a,inc,2019,7.5,6.4,8.6
AND,COVID,a,inc,2019,7.5,6.4,8.6
AND,Baseline,a,mort,2019,0.61,0.38,0.91
AND,COVID,a,mort,2019,0.61,0.38,0.91
AND,Baseline,a,inc,2020,7.3425,6.254,8.4658
AND,COVID,a,inc,2020,7.2781,6.2067,8.4122
AND,Baseline,a,mort,2020,0.59704,0.37281,0.88927
AND,COVID,a,mort,2020,0.62457,0.3889,0.92732
AND,Baseline,a,inc,2021,7.1905,6.1311,8.342
AND,COVID,a,inc,2021,7.2136,6.154,8.3687
AND,Baseline,a,mort,2021,0.58727,0.3654,0.87256
AND,COVID,a,mort,2021,0.6481,0.4017,0.96394
AND,Baseline,a,inc,2022,7.0748,6.0239,8.2249
AND,COVID,a,inc,2022,7.1854,6.1113,8.3047
AND,Baseline,a,mort,2022,0.57881,0.35842,0.85995
AND,COVID,a,mort,2022,0.64079,0.39631,0.95107
AND,Baseline,a,inc,2023,6.977,5.9274,8.1126
AND,COVID,a,inc,2023,7.0972,6.0237,8.1937
AND,Baseline,a,mort,2023,0.57074,0.35224,0.84797
AND,COVID,a,mort,2023,0.59802,0.36777,0.88761
ARM,Baseline,a,inc,2019,26,20,33
ARM,COVID,a,inc,2019,26,20,33
ARM,Baseline,a,mort,2019,1.6,1.4,1.9
ARM,COVID,a,mort,2019,1.6,1.4,1.9
ARM,Baseline,a,inc,2020,25.4542,19.5437,32.4852
ARM,COVID,a,inc,2020,25.2307,19.3959,32.2795
ARM,Baseline,a,mort,2020,1.566,1.3735,1.8567
ARM,COVID,a,mort,2020,1.6382,1.4328,1.9362
ARM,Baseline,a,inc,2021,24.9271,19.1597,32.0099
ARM,COVID,a,inc,2021,25.0071,19.2311,32.1125
ARM,Baseline,a,mort,2021,1.5404,1.3462,1.8218
ARM,COVID,a,mort,2021,1.6999,1.4799,2.0126
ARM,Baseline,a,inc,2022,24.5261,18.8246,31.5607
ARM,COVID,a,inc,2022,24.9092,19.0978,31.8668
ARM,Baseline,a,mort,2022,1.5182,1.3205,1.7955
ARM,COVID,a,mort,2022,1.6808,1.4601,1.9857
ARM,Baseline,a,inc,2023,24.1871,18.5232,31.1296
ARM,COVID,a,inc,2023,24.6035,18.8241,31.4408
ARM,Baseline,a,mort,2023,1.497,1.2977,1.7705
ARM,COVID,a,mort,2023,1.5686,1.3549,1.8533
BLR,Baseline,a,inc,2019,29,22,37
BLR,COVID,a,inc,2019,29,22,37
BLR,Baseline,a,mort,2019,3.2,3.1,3.4
BLR,COVID,a,mort,2019,3.2,3.1,3.4
BLR,Baseline,a,inc,2020,28.3912,21.498,36.4228
BLR,COVID,a,inc,2020,28.142,21.3355,36.1921
BLR,Baseline,a,mort,2020,3.132,3.0414,3.3225
BLR,COVID,a,mort,2020,3.2764,3.1726,3.4647
BLR,Baseline,a,inc,2021,27.8033,21.0757,35.8898
BLR,COVID,a,inc,2021,27.8925,21.1542,36.0049
BLR,Baseline,a,mort,2021,3.0807,2.9809,3.2601
BLR,COVID,a,mort,2021,3.3999,3.277,3.6015
BLR,Baseline,a,inc,2022,27.356,20.7071,35.3862
BLR,COVID,a,inc,2022,27.7834,21.0076,35.7294
BLR,Baseline,a,mort,2022,3.0364,2.9239,3.213
BLR,COVID,a,mort,2022,3.3615,3.233,3.5534
BLR,Baseline,a,inc,2023,26.9779,20.3755,34.9029
BLR,COVID,a,inc,2023,27.4423,20.7065,35.2518
BLR,Baseline,a,mort,2023,2.9941,2.8735,3.1683
BLR,COVID,a,mort,2023,3.1371,3.0002,3.3164
CHE,Baseline,a,inc,2019,5.4,4.6,6.2
CHE,COVID,a,inc,2019,5.4,4.6,6.2
CHE,Baseline,a,mort,2019,0.25,0.22,0.27
CHE,COVID,a,mort,2019,0.25,0.22,0.27
CHE,Baseline,a,inc,2020,5.2866,4.495,6.1033
CHE,COVID,a,inc,2020,5.2402,4.4611,6.0646
CHE,Baseline,a,mort,2020,0.24469,0.21584,0.26385
CHE,COVID,a,mort,2020,0.25597,0.22515,0.27514
CHE,Baseline,a,inc,2021,5.1772,4.4067,6.014
CHE,COVID,a,inc,2021,5.1938,4.4232,6.0333
CHE,Baseline,a,mort,2021,0.24068,0.21155,0.25889
CHE,COVID,a,mort,2021,0.26561,0.23256,0.286
CHE,Baseline,a,inc,2022,5.0939,4.3297,5.9296
CHE,COVID,a,inc,2022,5.1735,4.3925,5.9871
CHE,Baseline,a,mort,2022,0.23722,0.2075,0.25515
CHE,COVID,a,mort,2022,0.26262,0.22944,0.28218
CHE,Baseline,a,inc,2023,5.0235,4.2603,5.8486
CHE,COVID,a,inc,2023,5.11,4.3295,5.9071
CHE,Baseline,a,mort,2023,0.23391,0.20393,0.2516
CHE,COVID,a,mort,2023,0.24509,0.21292,0.26336
DEU,Baseline,a,inc,2019,6.4,5.5,7.4
DEU,COVID,a,inc,2019,6.4,5.5,7.4
DEU,Baseline,a,mort,2019,0.35,0.33,0.37
DEU,COVID,a,mort,2019,0.35,0.33,0.37
DEU,Baseline,a,inc,2020,6.2656,5.3745,7.2846
DEU,COVID,a,inc,2020,6.2106,5.3339,7.2384
DEU,Baseline,a,mort,2020,0.34257,0.32376,0.36157
DEU,COVID,a,mort,2020,0.35836,0.33773,0.37704
DEU,Baseline,a,inc,2021,6.1359,5.2689,7.178
DEU,COVID,a,inc,2021,6.1556,5.2886,7.201
DEU,Baseline,a,mort,2021,0.33696,0.31732,0.35478
DEU,COVID,a,mort,2021,0.37186,0.34884,0.39193
DEU,Baseline,a,inc,2022,6.0372,5.1768,7.0772
DEU,COVID,a,inc,2022,6.1315,5.2519,7.1459
DEU,Baseline,a,mort,2022,0.3321,0.31126,0.34965
DEU,COVID,a,mort,2022,0.36767,0.34416,0.3867
DEU,Baseline,a,inc,2023,5.9537,5.0939,6.9806
DEU,COVID,a,inc,2023,6.0562,5.1766,7.0504
DEU,Baseline,a,mort,2023,0.32748,0.30589,0.34478
DEU,COVID,a,mort,2023,0.34312,0.31938,0.3609
EST,Baseline,a,inc,2019,13,11,15
EST,COVID,a,inc,2019,13,11,15
EST,Baseline,a,mort,2019,1.5,1.3,1.7
EST,COVID,a,mort,2019,1.5,1.3,1.7
EST,Baseline,a,inc,2020,12.7271,10.749,14.766
EST,COVID,a,inc,2020,12.6154,10.6677,14.6725
EST,Baseline,a,mort,2020,1.4681,1.2754,1.6613
EST,COVID,a,mort,2020,1.5358,1.3305,1.7323
EST,Baseline,a,inc,2021,12.4635,10.5378,14.5499
EST,COVID,a,inc,2021,12.5035,10.5771,14.5966
EST,Baseline,a,mort,2021,1.4441,1.25,1.6301
EST,COVID,a,mort,2021,1.5937,1.3742,1.8008
EST,Baseline,a,inc,2022,12.263,10.3535,14.3458
EST,COVID,a,inc,2022,12.4546,10.5038,14.4849
EST,Baseline,a,mort,2022,1.4233,1.2262,1.6065
EST,COVID,a,mort,2022,1.5757,1.3558,1.7767
EST,Baseline,a,inc,2023,12.0936,10.1878,14.1498
EST,COVID,a,inc,2023,12.3017,10.3533,14.2913
EST,Baseline,a,mort,2023,1.4035,1.205,1.5841
EST,COVID,a,mort,2023,1.4705,1.2582,1.6582
FIN,Baseline,a,inc,2019,4.7,4,5.4
FIN,COVID,a,inc,2019,4.7,4,5.4
FIN,Baseline,a,mort,2019,0.56,0.55,0.57
FIN,COVID,a,mort,2019,0.56,0.55,0.57
FIN,Baseline,a,inc,2020,4.6013,3.9087,5.3158
FIN,COVID,a,inc,2020,4.5609,3.8792,5.2821
FIN,Baseline,a,mort,2020,0.5481,0.5396,0.55701
FIN,COVID,a,mort,2020,0.57337,0.56288,0.58085
FIN,Baseline,a,inc,2021,4.506,3.8319,5.238
FIN,COVID,a,inc,2021,4.5205,3.8462,5.2548
FIN,Baseline,a,mort,2021,0.53913,0.52886,0.54655
FIN,COVID,a,mort,2021,0.59497,0.5814,0.60378
FIN,Baseline,a,inc,2022,4.4336,3.7649,5.1645
FIN,COVID,a,inc,2022,4.5028,3.8196,5.2146
FIN,Baseline,a,mort,2022,0.53136,0.51876,0.53865
FIN,COVID,a,mort,2022,0.58826,0.5736,0.59572
FIN,Baseline,a,inc,2023,4.3723,3.7046,5.0939
FIN,COVID,a,inc,2023,4.4475,3.7648,5.1449
FIN,Baseline,a,mort,2023,0.52396,0.50982,0.53115
FIN,COVID,a,mort,2023,0.549,0.5323,0.55598
FRA,Baseline,a,inc,2019,9,8,10
FRA,COVID,a,inc,2019,9,8,10
FRA,Baseline,a,mort,2019,0.79,0.69,0.9
FRA,COVID,a,mort,2019,0.79,0.69,0.9
FRA,Baseline,a,inc,2020,8.8111,7.8175,9.844
FRA,COVID,a,inc,2020,8.7337,7.7584,9.7817
FRA,Baseline,a,mort,2020,0.77322,0.67695,0.87949
FRA,COVID,a,mort,2020,0.80886,0.70616,0.91713
FRA,Baseline,a,inc,2021,8.6286,7.6639,9.7
FRA,COVID,a,inc,2021,8.6563,7.6924,9.7311
FRA,Baseline,a,mort,2021,0.76056,0.66348,0.86297
FRA,COVID,a,mort,2021,0.83934,0.72939,0.95334
FRA,Baseline,a,inc,2022,8.4898,7.5298,9.5638
FRA,COVID,a,inc,2022,8.6224,7.6391,9.6566
FRA,Baseline,a,mort,2022,0.7496,0.65081,0.8505
FRA,COVID,a,mort,2022,0.82987,0.71961,0.94062
FRA,Baseline,a,inc,2023,8.3725,7.4093,9.4332
FRA,COVID,a,inc,2023,8.5166,7.5296,9.5275
FRA,Baseline,a,mort,2023,0.73916,0.6396,0.83866
FRA,COVID,a,mort,2023,0.77448,0.66779,0.87786
GBR,Baseline,a,inc,2019,8,7.2,8.8
GBR,COVID,a,inc,2019,8,7.2,8.8
GBR,Baseline,a,mort,2019,0.51,0.47,0.55
GBR,COVID,a,mort,2019,0.51,0.47,0.55
GBR,Baseline,a,inc,2020,7.8321,7.0357,8.6627
GBR,COVID,a,inc,2020,7.7633,6.9825,8.6079
GBR,Baseline,a,mort,2020,0.49917,0.46111,0.53747
GBR,COVID,a,mort,2020,0.52218,0.48101,0.56047
GBR,Baseline,a,inc,2021,7.6699,6.8975,8.536
GBR,COVID,a,inc,2021,7.6945,6.9232,8.5633
GBR,Baseline,a,mort,2021,0.49099,0.45194,0.52737
GBR,COVID,a,mort,2021,0.54185,0.49683,0.5826
GBR,Baseline,a,inc,2022,7.5465,6.7769,8.4162
GBR,COVID,a,inc,2022,7.6644,6.8752,8.4978
GBR,Baseline,a,mort,2022,0.48392,0.44331,0.51975
GBR,COVID,a,mort,2022,0.53574,0.49017,0.57482
GBR,Baseline,a,inc,2023,7.4422,6.6684,8.3012
GBR,COVID,a,inc,2023,7.5703,6.7767,8.3842
GBR,Baseline,a,mort,2023,0.47718,0.43567,0.51251
GBR,COVID,a,mort,2023,0.49998,0.45487,0.53647
GEO,Baseline,a,inc,2019,74,62,87
GEO,COVID,a,inc,2019,74,62,87
GEO,Baseline,a,mort,2019,4.2,3.8,4.6
GEO,COVID,a,mort,2019,4.2,3.8,4.6
GEO,Baseline,a,inc,2020,72.4465,60.5853,85.6428
GEO,COVID,a,inc,2020,71.8106,60.1273,85.1004
GEO,Baseline,a,mort,2020,4.1108,3.7281,4.4952
GEO,COVID,a,mort,2020,4.3003,3.889,4.6875
GEO,Baseline,a,inc,2021,70.9463,59.395,84.3896
GEO,COVID,a,inc,2021,71.1739,59.6164,84.6602
GEO,Baseline,a,mort,2021,4.0435,3.654,4.4107
GEO,COVID,a,mort,2021,4.4623,4.017,4.8726
GEO,Baseline,a,inc,2022,69.8049,58.3563,83.2054
GEO,COVID,a,inc,2022,70.8955,59.2033,84.0124
GEO,Baseline,a,mort,2022,3.9852,3.5842,4.347
GEO,COVID,a,mort,2022,4.412,3.9631,4.8076
GEO,Baseline,a,inc,2023,68.8402,57.422,82.0691
GEO,COVID,a,inc,2023,70.0252,58.3547,82.8893
GEO,Baseline,a,mort,2023,3.9297,3.5224,4.2865
GEO,COVID,a,mort,2023,4.1175,3.6777,4.4868
HUN,Baseline,a,inc,2019,6.3,5.4,7.2
HUN,COVID,a,inc,2019,6.3,5.4,7.2
HUN,Baseline,a,mort,2019,0.65,0.6175,0.66
HUN,COVID,a,mort,2019,0.65,0.6175,0.66
HUN,Baseline,a,inc,2020,6.1677,5.2768,7.0877
HUN,COVID,a,inc,2020,6.1136,5.2369,7.0428
HUN,Baseline,a,mort,2020,0.63619,0.60582,0.64496
HUN,COVID,a,mort,2020,0.66552,0.63196,0.67256
HUN,Baseline,a,inc,2021,6.04,5.1731,6.984
HUN,COVID,a,inc,2021,6.0594,5.1924,7.0064
HUN,Baseline,a,mort,2021,0.62578,0.59377,0.63285
HUN,COVID,a,mort,2021,0.69059,0.65276,0.69912
HUN,Baseline,a,inc,2022,5.9429,5.0826,6.886
HUN,COVID,a,inc,2022,6.0357,5.1564,6.9527
HUN,Baseline,a,mort,2022,0.61676,0.58243,0.6237
HUN,COVID,a,mort,2022,0.68281,0.644,0.68978
HUN,Baseline,a,inc,2023,5.8607,5.0013,6.7919
HUN,COVID,a,inc,2023,5.9616,5.0825,6.8598
HUN,Baseline,a,mort,2023,0.60817,0.57239,0.61501
HUN,COVID,a,mort,2023,0.63723,0.59762,0.64376
IRL,Baseline,a,inc,2019,5.8,5,6.7
IRL,COVID,a,inc,2019,5.8,5,6.7
IRL,Baseline,a,mort,2019,0.41,0.38,0.43
IRL,COVID,a,mort,2019,0.41,0.38,0.43
IRL,Baseline,a,inc,2020,5.6782,4.8859,6.5955
IRL,COVID,a,inc,2020,5.6284,4.849,6.5537
IRL,Baseline,a,mort,2020,0.40129,0.37281,0.4202
IRL,COVID,a,mort,2020,0.41979,0.3889,0.43818
IRL,Baseline,a,inc,2021,5.5607,4.7899,6.499
IRL,COVID,a,inc,2021,5.5785,4.8078,6.5198
IRL,Baseline,a,mort,2021,0.39472,0.3654,0.41231
IRL,COVID,a,mort,2021,0.43561,0.4017,0.45549
IRL,Baseline,a,inc,2022,5.4712,4.7062,6.4078
IRL,COVID,a,inc,2022,5.5567,4.7745,6.4699
IRL,Baseline,a,mort,2022,0.38904,0.35842,0.40635
IRL,COVID,a,mort,2022,0.43069,0.39631,0.44941
IRL,Baseline,a,inc,2023,5.3956,4.6308,6.3203
IRL,COVID,a,inc,2023,5.4885,4.706,6.3834
IRL,Baseline,a,mort,2023,0.38361,0.35224,0.40069
IRL,COVID,a,mort,2023,0.40195,0.36777,0.41942
ISR,Baseline,a,inc,2019,2.9,2.5,3.4
ISR,COVID,a,inc,2019,2.9,2.5,3.4
ISR,Baseline,a,mort,2019,0.26,0.24,0.28
ISR,COVID,a,mort,2019,0.26,0.24,0.28
ISR,Baseline,a,inc,2020,2.8391,2.443,3.347
ISR,COVID,a,inc,2020,2.8142,2.4245,3.3258
ISR,Baseline,a,mort,2020,0.25448,0.23546,0.27362
ISR,COVID,a,mort,2020,0.26621,0.24562,0.28533
ISR,Baseline,a,inc,2021,2.7803,2.395,3.298
ISR,COVID,a,inc,2021,2.7892,2.4039,3.3086
ISR,Baseline,a,mort,2021,0.25031,0.23078,0.26848
ISR,COVID,a,mort,2021,0.27624,0.2537,0.2966
ISR,Baseline,a,inc,2022,2.7356,2.3531,3.2517
ISR,COVID,a,inc,2022,2.7783,2.3872,3.2832
ISR,Baseline,a,mort,2022,0.24671,0.22637,0.2646
ISR,COVID,a,mort,2022,0.27312,0.2503,0.29264
ISR,Baseline,a,inc,2023,2.6978,2.3154,3.2073
ISR,COVID,a,inc,2023,2.7442,2.353,3.2394
ISR,Baseline,a,mort,2023,0.24327,0.22247,0.26092
ISR,COVID,a,mort,2023,0.25489,0.23227,0.27311
ITA,Baseline,a,inc,2019,6,5.2,7
ITA,COVID,a,inc,2019,6,5.2,7
ITA,Baseline,a,mort,2019,0.56,0.53,0.6
ITA,COVID,a,mort,2019,0.56,0.53,0.6
ITA,Baseline,a,inc,2020,5.874,5.0814,6.8908
ITA,COVID,a,inc,2020,5.8225,5.0429,6.8472
ITA,Baseline,a,mort,2020,0.5481,0.51998,0.58633
ITA,COVID,a,mort,2020,0.57337,0.54241,0.61142
ITA,Baseline,a,inc,2021,5.7524,4.9815,6.79
ITA,COVID,a,inc,2021,5.7709,5.0001,6.8117
ITA,Baseline,a,mort,2021,0.53913,0.50963,0.57531
ITA,COVID,a,mort,2021,0.59497,0.56026,0.63556
ITA,Baseline,a,inc,2022,5.6599,4.8944,6.6947
ITA,COVID,a,inc,2022,5.7483,4.9654,6.7596
ITA,Baseline,a,mort,2022,0.53136,0.4999,0.567
ITA,COVID,a,mort,2022,0.58826,0.55274,0.62708
ITA,Baseline,a,inc,2023,5.5816,4.816,6.6033
ITA,COVID,a,inc,2023,5.6777,4.8943,6.6693
ITA,Baseline,a,mort,2023,0.52396,0.49128,0.5591
ITA,COVID,a,mort,2023,0.549,0.51294,0.58524
LTU,Baseline,a,inc,2019,42,36,48
LTU,COVID,a,inc,2019,42,36,48
LTU,Baseline,a,mort,2019,4.6,4.4,4.9
LTU,COVID,a,mort,2019,4.6,4.4,4.9
LTU,Baseline,a,inc,2020,41.1183,35.1786,47.2512
LTU,COVID,a,inc,2020,40.7573,34.9126,46.952
LTU,Baseline,a,mort,2020,4.5023,4.3168,4.7884
LTU,COVID,a,mort,2020,4.7098,4.5031,4.9932
LTU,Baseline,a,inc,2021,40.2668,34.4874,46.5598
LTU,COVID,a,inc,2021,40.396,34.616,46.7091
LTU,Baseline,a,mort,2021,4.4286,4.2309,4.6984
LTU,COVID,a,mort,2021,4.8873,4.6512,5.1904
LTU,Baseline,a,inc,2022,39.619,33.8843,45.9064
LTU,COVID,a,inc,2022,40.238,34.3761,46.3517
LTU,Baseline,a,mort,2022,4.3648,4.1501,4.6305
LTU,COVID,a,mort,2022,4.8322,4.5888,5.1211
LTU,Baseline,a,inc,2023,39.0715,33.3418,45.2795
LTU,COVID,a,inc,2023,39.7441,33.8834,45.732
LTU,Baseline,a,mort,2023,4.304,4.0786,4.566
LTU,COVID,a,mort,2023,4.5096,4.2584,4.7794
LUX,Baseline,a,inc,2019,9,7.7,10
LUX,COVID,a,inc,2019,9,7.7,10
LUX,Baseline,a,mort,2019,0.35,0.29,0.42
LUX,COVID,a,mort,2019,0.35,0.29,0.42
LUX,Baseline,a,inc,2020,8.8111,7.5243,9.844
LUX,COVID,a,inc,2020,8.7337,7.4674,9.7817
LUX,Baseline,a,mort,2020,0.34257,0.28452,0.41043
LUX,COVID,a,mort,2020,0.35836,0.29679,0.42799
LUX,Baseline,a,inc,2021,8.6286,7.3765,9.7
LUX,COVID,a,inc,2021,8.6563,7.404,9.7311
LUX,Baseline,a,mort,2021,0.33696,0.27886,0.40272
LUX,COVID,a,mort,2021,0.37186,0.30656,0.44489
LUX,Baseline,a,inc,2022,8.4898,7.2475,9.5638
LUX,COVID,a,inc,2022,8.6224,7.3527,9.6566
LUX,Baseline,a,mort,2022,0.3321,0.27353,0.3969
LUX,COVID,a,mort,2022,0.36767,0.30245,0.43895
LUX,Baseline,a,inc,2023,8.3725,7.1314,9.4332
LUX,COVID,a,inc,2023,8.5166,7.2473,9.5275
LUX,Baseline,a,mort,2023,0.32748,0.26882,0.39137
LUX,COVID,a,mort,2023,0.34312,0.28066,0.40967
MDA,Baseline,a,inc,2019,80,68,92
MDA,COVID,a,inc,2019,80,68,92
MDA,Baseline,a,mort,2019,6.8,6.2,7.4
MDA,COVID,a,mort,2019,6.8,6.2,7.4
MDA,Baseline,a,inc,2020,78.3205,66.4484,90.5648
MDA,COVID,a,inc,2020,77.633,65.946,89.9913
MDA,Baseline,a,mort,2020,6.6556,6.0827,7.2314
MDA,COVID,a,mort,2020,6.9624,6.3452,7.5408
MDA,Baseline,a,inc,2021,76.6987,65.1429,89.2396
MDA,COVID,a,inc,2021,76.9448,65.3858,89.5257
MDA,Baseline,a,mort,2021,6.5466,5.9617,7.0956
MDA,COVID,a,mort,2021,7.2247,6.554,7.8386
MDA,Baseline,a,inc,2022,75.4648,64.0037,87.9873
MDA,COVID,a,inc,2022,76.6438,64.9326,88.8407
MDA,Baseline,a,mort,2022,6.4523,5.8479,6.993
MDA,COVID,a,mort,2022,7.1432,6.4661,7.7339
MDA,Baseline,a,inc,2023,74.4219,62.9789,86.7857
MDA,COVID,a,inc,2023,75.703,64.002,87.653
MDA,Baseline,a,mort,2023,6.3624,5.7471,6.8956
MDA,COVID,a,mort,2023,6.6664,6.0004,7.2179
MNE,Baseline,a,inc,2019,15,13,17
MNE,COVID,a,inc,2019,15,13,17
MNE,Baseline,a,mort,2019,0.2,0.18,0.22
MNE,COVID,a,mort,2019,0.2,0.18,0.22
MNE,Baseline,a,inc,2020,14.6851,12.7034,16.7348
MNE,COVID,a,inc,2020,14.5562,12.6073,16.6288
MNE,Baseline,a,mort,2020,0.19575,0.1766,0.21499
MNE,COVID,a,mort,2020,0.20478,0.18422,0.22419
MNE,Baseline,a,inc,2021,14.381,12.4538,16.4899
MNE,COVID,a,inc,2021,14.4272,12.5002,16.5428
MNE,Baseline,a,mort,2021,0.19255,0.17308,0.21095
MNE,COVID,a,mort,2021,0.21249,0.19028,0.23304
MNE,Baseline,a,inc,2022,14.1496,12.236,16.2585
MNE,COVID,a,inc,2022,14.3707,12.4136,16.4162
MNE,Baseline,a,mort,2022,0.18977,0.16978,0.2079
MNE,COVID,a,mort,2022,0.21009,0.18772,0.22993
MNE,Baseline,a,inc,2023,13.9541,12.0401,16.0365
MNE,COVID,a,inc,2023,14.1943,12.2357,16.1968
MNE,Baseline,a,mort,2023,0.18713,0.16685,0.205
MNE,COVID,a,mort,2023,0.19607,0.17421,0.21459
NLD,Baseline,a,inc,2019,5,4.3,5.8
NLD,COVID,a,inc,2019,5,4.3,5.8
NLD,Baseline,a,mort,2019,0.2,0.18,0.21
NLD,COVID,a,mort,2019,0.2,0.18,0.21
NLD,Baseline,a,inc,2020,4.895,4.2019,5.7095
NLD,COVID,a,inc,2020,4.8521,4.1701,5.6734
NLD,Baseline,a,mort,2020,0.19575,0.1766,0.20522
NLD,COVID,a,mort,2020,0.20478,0.18422,0.214
NLD,Baseline,a,inc,2021,4.7937,4.1193,5.626
NLD,COVID,a,inc,2021,4.8091,4.1347,5.644
NLD,Baseline,a,mort,2021,0.19255,0.17308,0.20136
NLD,COVID,a,mort,2021,0.21249,0.19028,0.22245
NLD,Baseline,a,inc,2022,4.7165,4.0473,5.547
NLD,COVID,a,inc,2022,4.7902,4.106,5.6008
NLD,Baseline,a,mort,2022,0.18977,0.16978,0.19845
NLD,COVID,a,mort,2022,0.21009,0.18772,0.21948
NLD,Baseline,a,inc,2023,4.6514,3.9825,5.4713
NLD,COVID,a,inc,2023,4.7314,4.0472,5.526
NLD,Baseline,a,mort,2023,0.18713,0.16685,0.19569
NLD,COVID,a,mort,2023,0.19607,0.17421,0.20483
PRT,Baseline,a,inc,2019,19,17,22
PRT,COVID,a,inc,2019,19,17,22
PRT,Baseline,a,mort,2019,2.7,2.6,2.9
PRT,COVID,a,mort,2019,2.7,2.6,2.9
PRT,Baseline,a,inc,2020,18.6011,16.6121,21.6568
PRT,COVID,a,inc,2020,18.4378,16.4865,21.5197
PRT,Baseline,a,mort,2020,2.6426,2.5508,2.8339
PRT,COVID,a,mort,2020,2.7645,2.6609,2.9552
PRT,Baseline,a,inc,2021,18.2159,16.2857,21.3399
PRT,COVID,a,inc,2021,18.2744,16.3464,21.4083
PRT,Baseline,a,mort,2021,2.5994,2.5001,2.7807
PRT,COVID,a,mort,2021,2.8686,2.7484,3.0719
PRT,Baseline,a,inc,2022,17.9229,16.0009,21.0404
PRT,COVID,a,inc,2022,18.2029,16.2332,21.2445
PRT,Baseline,a,mort,2022,2.5619,2.4523,2.7405
PRT,COVID,a,mort,2022,2.8363,2.7116,3.0309
PRT,Baseline,a,inc,2023,17.6752,15.7447,20.7531
PRT,COVID,a,inc,2023,17.9795,16.0005,20.9605
PRT,Baseline,a,mort,2023,2.5262,2.4101,2.7023
PRT,COVID,a,mort,2023,2.647,2.5163,2.8287
SRB,Baseline,a,inc,2019,14,12,17
SRB,COVID,a,inc,2019,14,12,17
SRB,Baseline,a,mort,2019,1.1,0.98,1.2
SRB,COVID,a,mort,2019,1.1,0.98,1.2
SRB,Baseline,a,inc,2020,13.7061,11.7262,16.7348
SRB,COVID,a,inc,2020,13.5858,11.6375,16.6288
SRB,Baseline,a,mort,2020,1.0766,0.96147,1.1727
SRB,COVID,a,mort,2020,1.1263,1.003,1.2228
SRB,Baseline,a,inc,2021,13.4223,11.4958,16.4899
SRB,COVID,a,inc,2021,13.4653,11.5387,16.5428
SRB,Baseline,a,mort,2021,1.059,0.94234,1.1506
SRB,COVID,a,mort,2021,1.1687,1.036,1.2711
SRB,Baseline,a,inc,2022,13.2063,11.2948,16.2585
SRB,COVID,a,inc,2022,13.4127,11.4587,16.4162
SRB,Baseline,a,mort,2022,1.0438,0.92434,1.134
SRB,COVID,a,mort,2022,1.1555,1.0221,1.2542
SRB,Baseline,a,inc,2023,13.0238,11.1139,16.0365
SRB,COVID,a,inc,2023,13.248,11.2945,16.1968
SRB,Baseline,a,mort,2023,1.0292,0.90841,1.1182
SRB,COVID,a,mort,2023,1.0784,0.94845,1.1705
SVK,Baseline,a,inc,2019,4.5,3.9,5.2
SVK,COVID,a,inc,2019,4.5,3.9,5.2
SVK,Baseline,a,mort,2019,0.66,0.64,0.68
SVK,COVID,a,mort,2019,0.66,0.64,0.68
SVK,Baseline,a,inc,2020,4.4055,3.811,5.1189
SVK,COVID,a,inc,2020,4.3669,3.7822,5.0865
SVK,Baseline,a,mort,2020,0.64598,0.6279,0.66451
SVK,COVID,a,mort,2020,0.67576,0.65499,0.69294
SVK,Baseline,a,inc,2021,4.3143,3.7361,5.044
SVK,COVID,a,inc,2021,4.3281,3.7501,5.0601
SVK,Baseline,a,mort,2021,0.6354,0.6154,0.65202
SVK,COVID,a,mort,2021,0.70122,0.67654,0.7203
SVK,Baseline,a,inc,2022,4.2449,3.6708,4.9732
SVK,COVID,a,inc,2022,4.3112,3.7241,5.0214
SVK,Baseline,a,mort,2022,0.62625,0.60365,0.6426
SVK,COVID,a,mort,2022,0.69331,0.66747,0.71069
SVK,Baseline,a,inc,2023,4.1862,3.612,4.9053
SVK,COVID,a,inc,2023,4.2583,3.6707,4.9543
SVK,Baseline,a,mort,2023,0.61752,0.59325,0.63365
SVK,COVID,a,mort,2023,0.64704,0.6194,0.66327
SVN,Baseline,a,inc,2019,5.4,4.6,6.3
SVN,COVID,a,inc,2019,5.4,4.6,6.3
SVN,Baseline,a,mort,2019,0.71,0.68,0.74
SVN,COVID,a,mort,2019,0.71,0.68,0.74
SVN,Baseline,a,inc,2020,5.2866,4.495,6.2017
SVN,COVID,a,inc,2020,5.2402,4.4611,6.1624
SVN,Baseline,a,mort,2020,0.69492,0.66714,0.72314
SVN,COVID,a,mort,2020,0.72695,0.69593,0.75408
SVN,Baseline,a,inc,2021,5.1772,4.4067,6.111
SVN,COVID,a,inc,2021,5.1938,4.4232,6.1306
SVN,Baseline,a,mort,2021,0.68354,0.65387,0.70956
SVN,COVID,a,mort,2021,0.75434,0.71882,0.78386
SVN,Baseline,a,inc,2022,5.0939,4.3297,6.0252
SVN,COVID,a,inc,2022,5.1735,4.3925,6.0837
SVN,Baseline,a,mort,2022,0.67369,0.64138,0.6993
SVN,COVID,a,mort,2022,0.74584,0.70918,0.77339
SVN,Baseline,a,inc,2023,5.0235,4.2603,5.9429
SVN,COVID,a,inc,2023,5.11,4.3295,6.0023
SVN,Baseline,a,mort,2023,0.66431,0.63033,0.68956
SVN,COVID,a,mort,2023,0.69605,0.65811,0.72179
SWE,Baseline,a,inc,2019,5.5,4.7,6.3
SWE,COVID,a,inc,2019,5.5,4.7,6.3
SWE,Baseline,a,mort,2019,0.24,0.23,0.25
SWE,COVID,a,mort,2019,0.24,0.23,0.25
SWE,Baseline,a,inc,2020,5.3845,4.5928,6.2017
SWE,COVID,a,inc,2020,5.3373,4.558,6.1624
SWE,Baseline,a,mort,2020,0.2349,0.22565,0.2443
SWE,COVID,a,mort,2020,0.24573,0.23539,0.25476
SWE,Baseline,a,inc,2021,5.273,4.5025,6.111
SWE,COVID,a,inc,2021,5.29,4.5193,6.1306
SWE,Baseline,a,mort,2021,0.23106,0.22116,0.23971
SWE,COVID,a,mort,2021,0.25499,0.24313,0.26482
SWE,Baseline,a,inc,2022,5.1882,4.4238,6.0252
SWE,COVID,a,inc,2022,5.2693,4.488,6.0837
SWE,Baseline,a,mort,2022,0.22773,0.21694,0.23625
SWE,COVID,a,mort,2022,0.25211,0.23987,0.26128
SWE,Baseline,a,inc,2023,5.1165,4.353,5.9429
SWE,COVID,a,inc,2023,5.2046,4.4237,6.0023
SWE,Baseline,a,mort,2023,0.22455,0.2132,0.23296
SWE,COVID,a,mort,2023,0.23529,0.2226,0.24385
TJK,Baseline,a,inc,2019,83,64,104
TJK,COVID,a,inc,2019,83,64,104
TJK,Baseline,a,mort,2019,8.5,7.6,9.4
TJK,COVID,a,mort,2019,8.5,7.6,9.4
TJK,Baseline,a,inc,2020,81.2575,62.5397,102.3776
TJK,COVID,a,inc,2020,80.5443,62.0668,101.7293
TJK,Baseline,a,mort,2020,8.3194,7.4563,9.1858
TJK,COVID,a,mort,2020,8.703,7.778,9.5789
TJK,Baseline,a,inc,2021,79.5749,61.311,100.8795
TJK,COVID,a,inc,2021,79.8302,61.5396,101.2029
TJK,Baseline,a,mort,2021,8.1832,7.3079,9.0133
TJK,COVID,a,mort,2021,9.0309,8.0339,9.9571
TJK,Baseline,a,inc,2022,78.2947,60.2387,99.4639
TJK,COVID,a,inc,2022,79.5179,61.1131,100.4286
TJK,Baseline,a,mort,2022,8.0654,7.1683,8.883
TJK,COVID,a,mort,2022,8.929,7.9262,9.8242
TJK,Baseline,a,inc,2023,77.2127,59.2743,98.1056
TJK,COVID,a,inc,2023,78.5418,60.2371,99.0861
TJK,Baseline,a,mort,2023,7.953,7.0448,8.7593
TJK,COVID,a,mort,2023,8.333,7.3554,9.1687